CSVRepository.java,org.example.data.CSVRepository,org.pitest.mutationtest.engine.gregor.mutators.VoidMethodCallMutator,<init>,30,SURVIVED,none
CSVRepository.java,org.example.data.CSVRepository,org.pitest.mutationtest.engine.gregor.mutators.VoidMethodCallMutator,<init>,31,SURVIVED,none
CSVRepository.java,org.example.data.CSVRepository,org.pitest.mutationtest.engine.gregor.mutators.VoidMethodCallMutator,<init>,32,SURVIVED,none
CSVRepository.java,org.example.data.CSVRepository,org.pitest.mutationtest.engine.gregor.mutators.VoidMethodCallMutator,<init>,33,SURVIVED,none
CSVRepository.java,org.example.data.CSVRepository,org.pitest.mutationtest.engine.gregor.mutators.NegateConditionalsMutator,deleteUser,119,KILLED,org.example.AI_assistant.data.CSVRepositoryTest.[engine:junit-jupiter]/[class:org.example.AI_assistant.data.CSVRepositoryTest]/[method:testDeleteUser()]
CSVRepository.java,org.example.data.CSVRepository,org.pitest.mutationtest.engine.gregor.mutators.NegateConditionalsMutator,deleteUser,120,KILLED,org.example.AI_assistant.data.CSVRepositoryTest.[engine:junit-jupiter]/[class:org.example.AI_assistant.data.CSVRepositoryTest]/[method:testDeleteUser()]
CSVRepository.java,org.example.data.CSVRepository,org.pitest.mutationtest.engine.gregor.mutators.VoidMethodCallMutator,deleteUser,121,KILLED,org.example.AI_assistant.data.CSVRepositoryTest.[engine:junit-jupiter]/[class:org.example.AI_assistant.data.CSVRepositoryTest]/[method:testDeleteUser()]
CSVRepository.java,org.example.data.CSVRepository,org.pitest.mutationtest.engine.gregor.mutators.VoidMethodCallMutator,deleteUser,125,KILLED,org.example.AI_assistant.data.CSVRepositoryTest.[engine:junit-jupiter]/[class:org.example.AI_assistant.data.CSVRepositoryTest]/[method:testDeleteUser()]
CSVRepository.java,org.example.data.CSVRepository,org.pitest.mutationtest.engine.gregor.mutators.NegateConditionalsMutator,findEquipmentRowById,203,NO_COVERAGE,none
CSVRepository.java,org.example.data.CSVRepository,org.pitest.mutationtest.engine.gregor.mutators.returns.NullReturnValsMutator,findEquipmentRowById,204,NO_COVERAGE,none
CSVRepository.java,org.example.data.CSVRepository,org.pitest.mutationtest.engine.gregor.mutators.NegateConditionalsMutator,findUserByEmail,63,KILLED,org.example.AI_assistant.data.CSVRepositoryTest.[engine:junit-jupiter]/[class:org.example.AI_assistant.data.CSVRepositoryTest]/[method:testSaveAndFindUser()]
CSVRepository.java,org.example.data.CSVRepository,org.pitest.mutationtest.engine.gregor.mutators.returns.NullReturnValsMutator,findUserByEmail,64,KILLED,org.example.AI_assistant.data.CSVRepositoryTest.[engine:junit-jupiter]/[class:org.example.AI_assistant.data.CSVRepositoryTest]/[method:testSaveAndFindUser()]
CSVRepository.java,org.example.data.CSVRepository,org.pitest.mutationtest.engine.gregor.mutators.NegateConditionalsMutator,findUserById,73,NO_COVERAGE,none
CSVRepository.java,org.example.data.CSVRepository,org.pitest.mutationtest.engine.gregor.mutators.returns.NullReturnValsMutator,findUserById,74,NO_COVERAGE,none
CSVRepository.java,org.example.data.CSVRepository,org.pitest.mutationtest.engine.gregor.mutators.ConditionalsBoundaryMutator,getAllEquipment,179,NO_COVERAGE,none
CSVRepository.java,org.example.data.CSVRepository,org.pitest.mutationtest.engine.gregor.mutators.ConditionalsBoundaryMutator,getAllEquipment,181,NO_COVERAGE,none
CSVRepository.java,org.example.data.CSVRepository,org.pitest.mutationtest.engine.gregor.mutators.ConditionalsBoundaryMutator,getAllEquipment,187,NO_COVERAGE,none
CSVRepository.java,org.example.data.CSVRepository,org.pitest.mutationtest.engine.gregor.mutators.ConditionalsBoundaryMutator,getAllEquipment,189,NO_COVERAGE,none
CSVRepository.java,org.example.data.CSVRepository,org.pitest.mutationtest.engine.gregor.mutators.ConditionalsBoundaryMutator,getAllEquipment,194,NO_COVERAGE,none
CSVRepository.java,org.example.data.CSVRepository,org.pitest.mutationtest.engine.gregor.mutators.NegateConditionalsMutator,getAllEquipment,179,NO_COVERAGE,none
CSVRepository.java,org.example.data.CSVRepository,org.pitest.mutationtest.engine.gregor.mutators.NegateConditionalsMutator,getAllEquipment,179,NO_COVERAGE,none
CSVRepository.java,org.example.data.CSVRepository,org.pitest.mutationtest.engine.gregor.mutators.NegateConditionalsMutator,getAllEquipment,181,NO_COVERAGE,none
CSVRepository.java,org.example.data.CSVRepository,org.pitest.mutationtest.engine.gregor.mutators.NegateConditionalsMutator,getAllEquipment,181,NO_COVERAGE,none
CSVRepository.java,org.example.data.CSVRepository,org.pitest.mutationtest.engine.gregor.mutators.NegateConditionalsMutator,getAllEquipment,187,NO_COVERAGE,none
CSVRepository.java,org.example.data.CSVRepository,org.pitest.mutationtest.engine.gregor.mutators.NegateConditionalsMutator,getAllEquipment,187,NO_COVERAGE,none
CSVRepository.java,org.example.data.CSVRepository,org.pitest.mutationtest.engine.gregor.mutators.NegateConditionalsMutator,getAllEquipment,189,NO_COVERAGE,none
CSVRepository.java,org.example.data.CSVRepository,org.pitest.mutationtest.engine.gregor.mutators.NegateConditionalsMutator,getAllEquipment,189,NO_COVERAGE,none
CSVRepository.java,org.example.data.CSVRepository,org.pitest.mutationtest.engine.gregor.mutators.NegateConditionalsMutator,getAllEquipment,194,NO_COVERAGE,none
CSVRepository.java,org.example.data.CSVRepository,org.pitest.mutationtest.engine.gregor.mutators.NegateConditionalsMutator,getAllEquipment,194,NO_COVERAGE,none
CSVRepository.java,org.example.data.CSVRepository,org.pitest.mutationtest.engine.gregor.mutators.VoidMethodCallMutator,getAllEquipment,177,NO_COVERAGE,none
CSVRepository.java,org.example.data.CSVRepository,org.pitest.mutationtest.engine.gregor.mutators.VoidMethodCallMutator,getAllEquipment,180,NO_COVERAGE,none
CSVRepository.java,org.example.data.CSVRepository,org.pitest.mutationtest.engine.gregor.mutators.VoidMethodCallMutator,getAllEquipment,183,NO_COVERAGE,none
CSVRepository.java,org.example.data.CSVRepository,org.pitest.mutationtest.engine.gregor.mutators.VoidMethodCallMutator,getAllEquipment,188,NO_COVERAGE,none
CSVRepository.java,org.example.data.CSVRepository,org.pitest.mutationtest.engine.gregor.mutators.VoidMethodCallMutator,getAllEquipment,192,NO_COVERAGE,none
CSVRepository.java,org.example.data.CSVRepository,org.pitest.mutationtest.engine.gregor.mutators.VoidMethodCallMutator,getAllEquipment,195,NO_COVERAGE,none
CSVRepository.java,org.example.data.CSVRepository,org.pitest.mutationtest.engine.gregor.mutators.returns.EmptyObjectReturnValsMutator,getAllEquipment,198,NO_COVERAGE,none
CSVRepository.java,org.example.data.CSVRepository,org.pitest.mutationtest.engine.gregor.mutators.returns.EmptyObjectReturnValsMutator,getAllPaymentRows,295,NO_COVERAGE,none
CSVRepository.java,org.example.data.CSVRepository,org.pitest.mutationtest.engine.gregor.mutators.returns.EmptyObjectReturnValsMutator,getAllReservationRows,248,NO_COVERAGE,none
CSVRepository.java,org.example.data.CSVRepository,org.pitest.mutationtest.engine.gregor.mutators.returns.EmptyObjectReturnValsMutator,getAllUsers,85,NO_COVERAGE,none
CSVRepository.java,org.example.data.CSVRepository,org.pitest.mutationtest.engine.gregor.mutators.NegateConditionalsMutator,getPaymentRowsByReservationId,301,NO_COVERAGE,none
CSVRepository.java,org.example.data.CSVRepository,org.pitest.mutationtest.engine.gregor.mutators.returns.EmptyObjectReturnValsMutator,getPaymentRowsByReservationId,305,NO_COVERAGE,none
CSVRepository.java,org.example.data.CSVRepository,org.pitest.mutationtest.engine.gregor.mutators.NegateConditionalsMutator,getReservationRowsByUserId,254,NO_COVERAGE,none
CSVRepository.java,org.example.data.CSVRepository,org.pitest.mutationtest.engine.gregor.mutators.returns.EmptyObjectReturnValsMutator,getReservationRowsByUserId,258,NO_COVERAGE,none
CSVRepository.java,org.example.data.CSVRepository,org.pitest.mutationtest.engine.gregor.mutators.NegateConditionalsMutator,lambda$getAllEquipment$0,191,NO_COVERAGE,none
CSVRepository.java,org.example.data.CSVRepository,org.pitest.mutationtest.engine.gregor.mutators.returns.BooleanTrueReturnValsMutator,lambda$getAllEquipment$0,191,NO_COVERAGE,none
CSVRepository.java,org.example.data.CSVRepository,org.pitest.mutationtest.engine.gregor.mutators.ConditionalsBoundaryMutator,mapRowToUser,136,SURVIVED,none
CSVRepository.java,org.example.data.CSVRepository,org.pitest.mutationtest.engine.gregor.mutators.ConditionalsBoundaryMutator,mapRowToUser,137,SURVIVED,none
CSVRepository.java,org.example.data.CSVRepository,org.pitest.mutationtest.engine.gregor.mutators.NegateConditionalsMutator,mapRowToUser,136,SURVIVED,none
CSVRepository.java,org.example.data.CSVRepository,org.pitest.mutationtest.engine.gregor.mutators.NegateConditionalsMutator,mapRowToUser,137,KILLED,org.example.AI_assistant.auth.AuthServiceTest.[engine:junit-jupiter]/[class:org.example.AI_assistant.auth.AuthServiceTest]/[method:testIsApprovedForDecorator()]
CSVRepository.java,org.example.data.CSVRepository,org.pitest.mutationtest.engine.gregor.mutators.NegateConditionalsMutator,mapRowToUser,139,KILLED,org.example.AI_assistant.auth.AuthServiceTest.[engine:junit-jupiter]/[class:org.example.AI_assistant.auth.AuthServiceTest]/[method:testIsApprovedForDecorator()]
CSVRepository.java,org.example.data.CSVRepository,org.pitest.mutationtest.engine.gregor.mutators.NegateConditionalsMutator,mapRowToUser,141,SURVIVED,none
CSVRepository.java,org.example.data.CSVRepository,org.pitest.mutationtest.engine.gregor.mutators.NegateConditionalsMutator,mapRowToUser,146,KILLED,org.example.AI_assistant.auth.AuthServiceTest.[engine:junit-jupiter]/[class:org.example.AI_assistant.auth.AuthServiceTest]/[method:testIsApprovedForDecorator()]
CSVRepository.java,org.example.data.CSVRepository,org.pitest.mutationtest.engine.gregor.mutators.NegateConditionalsMutator,mapRowToUser,146,KILLED,org.example.AI_assistant.auth.AuthServiceTest.[engine:junit-jupiter]/[class:org.example.AI_assistant.auth.AuthServiceTest]/[method:testIsApprovedForDecorator()]
CSVRepository.java,org.example.data.CSVRepository,org.pitest.mutationtest.engine.gregor.mutators.VoidMethodCallMutator,mapRowToUser,148,SURVIVED,none
CSVRepository.java,org.example.data.CSVRepository,org.pitest.mutationtest.engine.gregor.mutators.returns.NullReturnValsMutator,mapRowToUser,149,KILLED,org.example.AI_assistant.auth.AuthServiceTest.[engine:junit-jupiter]/[class:org.example.AI_assistant.auth.AuthServiceTest]/[method:testRegisterAndLoginSuccess()]
CSVRepository.java,org.example.data.CSVRepository,org.pitest.mutationtest.engine.gregor.mutators.returns.NullReturnValsMutator,mapRowToUser,152,KILLED,org.example.AI_assistant.data.CSVRepositoryTest.[engine:junit-jupiter]/[class:org.example.AI_assistant.data.CSVRepositoryTest]/[method:testSaveAndFindUser()]
CSVRepository.java,org.example.data.CSVRepository,org.pitest.mutationtest.engine.gregor.mutators.NegateConditionalsMutator,saveEquipment,168,NO_COVERAGE,none
CSVRepository.java,org.example.data.CSVRepository,org.pitest.mutationtest.engine.gregor.mutators.VoidMethodCallMutator,saveEquipment,170,NO_COVERAGE,none
CSVRepository.java,org.example.data.CSVRepository,org.pitest.mutationtest.engine.gregor.mutators.VoidMethodCallMutator,savePayment,291,NO_COVERAGE,none
CSVRepository.java,org.example.data.CSVRepository,org.pitest.mutationtest.engine.gregor.mutators.VoidMethodCallMutator,saveReservation,244,NO_COVERAGE,none
CSVRepository.java,org.example.data.CSVRepository,org.pitest.mutationtest.engine.gregor.mutators.NegateConditionalsMutator,saveUser,41,KILLED,org.example.AI_assistant.data.CSVRepositoryTest.[engine:junit-jupiter]/[class:org.example.AI_assistant.data.CSVRepositoryTest]/[method:testSaveAndFindUser()]
CSVRepository.java,org.example.data.CSVRepository,org.pitest.mutationtest.engine.gregor.mutators.NegateConditionalsMutator,saveUser,52,SURVIVED,none
CSVRepository.java,org.example.data.CSVRepository,org.pitest.mutationtest.engine.gregor.mutators.NegateConditionalsMutator,saveUser,53,SURVIVED,none
CSVRepository.java,org.example.data.CSVRepository,org.pitest.mutationtest.engine.gregor.mutators.VoidMethodCallMutator,saveUser,57,KILLED,org.example.AI_assistant.data.CSVRepositoryTest.[engine:junit-jupiter]/[class:org.example.AI_assistant.data.CSVRepositoryTest]/[method:testSaveAndFindUser()]
CSVRepository.java,org.example.data.CSVRepository,org.pitest.mutationtest.engine.gregor.mutators.ConditionalsBoundaryMutator,updateEquipment,213,NO_COVERAGE,none
CSVRepository.java,org.example.data.CSVRepository,org.pitest.mutationtest.engine.gregor.mutators.NegateConditionalsMutator,updateEquipment,213,NO_COVERAGE,none
CSVRepository.java,org.example.data.CSVRepository,org.pitest.mutationtest.engine.gregor.mutators.NegateConditionalsMutator,updateEquipment,214,NO_COVERAGE,none
CSVRepository.java,org.example.data.CSVRepository,org.pitest.mutationtest.engine.gregor.mutators.NegateConditionalsMutator,updateEquipment,224,NO_COVERAGE,none
CSVRepository.java,org.example.data.CSVRepository,org.pitest.mutationtest.engine.gregor.mutators.VoidMethodCallMutator,updateEquipment,229,NO_COVERAGE,none
CSVRepository.java,org.example.data.CSVRepository,org.pitest.mutationtest.engine.gregor.mutators.ConditionalsBoundaryMutator,updateReservation,263,NO_COVERAGE,none
CSVRepository.java,org.example.data.CSVRepository,org.pitest.mutationtest.engine.gregor.mutators.NegateConditionalsMutator,updateReservation,263,NO_COVERAGE,none
CSVRepository.java,org.example.data.CSVRepository,org.pitest.mutationtest.engine.gregor.mutators.NegateConditionalsMutator,updateReservation,264,NO_COVERAGE,none
CSVRepository.java,org.example.data.CSVRepository,org.pitest.mutationtest.engine.gregor.mutators.VoidMethodCallMutator,updateReservation,277,NO_COVERAGE,none
CSVRepository.java,org.example.data.CSVRepository,org.pitest.mutationtest.engine.gregor.mutators.ConditionalsBoundaryMutator,updateUser,97,SURVIVED,none
CSVRepository.java,org.example.data.CSVRepository,org.pitest.mutationtest.engine.gregor.mutators.NegateConditionalsMutator,updateUser,91,KILLED,org.example.AI_assistant.data.CSVRepositoryTest.[engine:junit-jupiter]/[class:org.example.AI_assistant.data.CSVRepositoryTest]/[method:testUpdateUser()]
CSVRepository.java,org.example.data.CSVRepository,org.pitest.mutationtest.engine.gregor.mutators.NegateConditionalsMutator,updateUser,97,KILLED,org.example.AI_assistant.data.CSVRepositoryTest.[engine:junit-jupiter]/[class:org.example.AI_assistant.data.CSVRepositoryTest]/[method:testUpdateUser()]
CSVRepository.java,org.example.data.CSVRepository,org.pitest.mutationtest.engine.gregor.mutators.NegateConditionalsMutator,updateUser,98,SURVIVED,none
CSVRepository.java,org.example.data.CSVRepository,org.pitest.mutationtest.engine.gregor.mutators.NegateConditionalsMutator,updateUser,105,SURVIVED,none
CSVRepository.java,org.example.data.CSVRepository,org.pitest.mutationtest.engine.gregor.mutators.NegateConditionalsMutator,updateUser,106,SURVIVED,none
CSVRepository.java,org.example.data.CSVRepository,org.pitest.mutationtest.engine.gregor.mutators.VoidMethodCallMutator,updateUser,113,KILLED,org.example.AI_assistant.data.CSVRepositoryTest.[engine:junit-jupiter]/[class:org.example.AI_assistant.data.CSVRepositoryTest]/[method:testUpdateUser()]
ReservationManager.java,org.example.reservation.ReservationManager,org.pitest.mutationtest.engine.gregor.mutators.NegateConditionalsMutator,cancelReservation,61,KILLED,org.example.AI_assistant.reservation.ReservationManagerTest.[engine:junit-jupiter]/[class:org.example.AI_assistant.reservation.ReservationManagerTest]/[method:testCancelNonExistentReservation()]
ReservationManager.java,org.example.reservation.ReservationManager,org.pitest.mutationtest.engine.gregor.mutators.NegateConditionalsMutator,cancelReservation,61,KILLED,org.example.AI_assistant.reservation.ReservationManagerTest.[engine:junit-jupiter]/[class:org.example.AI_assistant.reservation.ReservationManagerTest]/[method:testCancelReservationAlreadyStartedFails()]
ReservationManager.java,org.example.reservation.ReservationManager,org.pitest.mutationtest.engine.gregor.mutators.VoidMethodCallMutator,cancelReservation,62,KILLED,org.example.AI_assistant.reservation.ReservationManagerTest.[engine:junit-jupiter]/[class:org.example.AI_assistant.reservation.ReservationManagerTest]/[method:testCancelReservationBeforeStart()]
ReservationManager.java,org.example.reservation.ReservationManager,org.pitest.mutationtest.engine.gregor.mutators.VoidMethodCallMutator,cancelReservation,63,KILLED,org.example.AI_assistant.reservation.ReservationManagerTest.[engine:junit-jupiter]/[class:org.example.AI_assistant.reservation.ReservationManagerTest]/[method:testCancelReservationBeforeStart()]
ReservationManager.java,org.example.reservation.ReservationManager,org.pitest.mutationtest.engine.gregor.mutators.VoidMethodCallMutator,cancelReservation,65,SURVIVED,none
ReservationManager.java,org.example.reservation.ReservationManager,org.pitest.mutationtest.engine.gregor.mutators.VoidMethodCallMutator,createReservation,56,KILLED,org.example.AI_assistant.reservation.ReservationManagerTest.[engine:junit-jupiter]/[class:org.example.AI_assistant.reservation.ReservationManagerTest]/[method:testCreateReservationOverloadDirect()]
ReservationManager.java,org.example.reservation.ReservationManager,org.pitest.mutationtest.engine.gregor.mutators.NegateConditionalsMutator,createReservation,30,KILLED,org.example.AI_assistant.reservation.ReservationManagerTest.[engine:junit-jupiter]/[class:org.example.AI_assistant.reservation.ReservationManagerTest]/[method:testCreateReservationEquipmentDisabled()]
ReservationManager.java,org.example.reservation.ReservationManager,org.pitest.mutationtest.engine.gregor.mutators.NegateConditionalsMutator,createReservation,36,KILLED,org.example.AI_assistant.reservation.ReservationManagerTest.[engine:junit-jupiter]/[class:org.example.AI_assistant.reservation.ReservationManagerTest]/[method:testNonOverlappingDifferentEquipmentAllowed()]
ReservationManager.java,org.example.reservation.ReservationManager,org.pitest.mutationtest.engine.gregor.mutators.VoidMethodCallMutator,createReservation,31,SURVIVED,none
ReservationManager.java,org.example.reservation.ReservationManager,org.pitest.mutationtest.engine.gregor.mutators.VoidMethodCallMutator,createReservation,37,SURVIVED,none
ReservationManager.java,org.example.reservation.ReservationManager,org.pitest.mutationtest.engine.gregor.mutators.VoidMethodCallMutator,createReservation,48,KILLED,org.example.AI_assistant.reservation.ReservationManagerTest.[engine:junit-jupiter]/[class:org.example.AI_assistant.reservation.ReservationManagerTest]/[method:testCreateReservationSuccess()]
ReservationManager.java,org.example.reservation.ReservationManager,org.pitest.mutationtest.engine.gregor.mutators.VoidMethodCallMutator,createReservation,51,KILLED,org.example.AI_assistant.reservation.ReservationManagerTest.[engine:junit-jupiter]/[class:org.example.AI_assistant.reservation.ReservationManagerTest]/[method:testCreateReservationSuccess()]
ReservationManager.java,org.example.reservation.ReservationManager,org.pitest.mutationtest.engine.gregor.mutators.returns.NullReturnValsMutator,createReservation,52,KILLED,org.example.AI_assistant.reservation.ReservationManagerTest.[engine:junit-jupiter]/[class:org.example.AI_assistant.reservation.ReservationManagerTest]/[method:testNonOverlappingDifferentEquipmentAllowed()]
ReservationManager.java,org.example.reservation.ReservationManager,org.pitest.mutationtest.engine.gregor.mutators.NegateConditionalsMutator,extendReservation,81,KILLED,org.example.AI_assistant.reservation.ReservationManagerTest.[engine:junit-jupiter]/[class:org.example.AI_assistant.reservation.ReservationManagerTest]/[method:testExtendNonExistentReservation()]
ReservationManager.java,org.example.reservation.ReservationManager,org.pitest.mutationtest.engine.gregor.mutators.NegateConditionalsMutator,extendReservation,84,KILLED,org.example.AI_assistant.reservation.ReservationManagerTest.[engine:junit-jupiter]/[class:org.example.AI_assistant.reservation.ReservationManagerTest]/[method:testExtendReservationBlockedByNextBooking()]
ReservationManager.java,org.example.reservation.ReservationManager,org.pitest.mutationtest.engine.gregor.mutators.VoidMethodCallMutator,extendReservation,86,SURVIVED,none
ReservationManager.java,org.example.reservation.ReservationManager,org.pitest.mutationtest.engine.gregor.mutators.VoidMethodCallMutator,extendReservation,90,KILLED,org.example.AI_assistant.reservation.ReservationManagerTest.[engine:junit-jupiter]/[class:org.example.AI_assistant.reservation.ReservationManagerTest]/[method:testExtendReservationSuccess()]
ReservationManager.java,org.example.reservation.ReservationManager,org.pitest.mutationtest.engine.gregor.mutators.VoidMethodCallMutator,extendReservation,91,KILLED,org.example.AI_assistant.reservation.ReservationManagerTest.[engine:junit-jupiter]/[class:org.example.AI_assistant.reservation.ReservationManagerTest]/[method:testExtendReservationSuccess()]
ReservationManager.java,org.example.reservation.ReservationManager,org.pitest.mutationtest.engine.gregor.mutators.VoidMethodCallMutator,extendReservation,92,KILLED,org.example.AI_assistant.reservation.ReservationManagerTest.[engine:junit-jupiter]/[class:org.example.AI_assistant.reservation.ReservationManagerTest]/[method:testExtendReservationSuccess()]
ReservationManager.java,org.example.reservation.ReservationManager,org.pitest.mutationtest.engine.gregor.mutators.returns.EmptyObjectReturnValsMutator,getAllReservationRows,175,KILLED,org.example.AI_assistant.reservation.ReservationManagerTest.[engine:junit-jupiter]/[class:org.example.AI_assistant.reservation.ReservationManagerTest]/[method:testGetAllReservationRows()]
ReservationManager.java,org.example.reservation.ReservationManager,org.pitest.mutationtest.engine.gregor.mutators.NegateConditionalsMutator,getReservationById,167,KILLED,org.example.AI_assistant.reservation.ReservationManagerTest.[engine:junit-jupiter]/[class:org.example.AI_assistant.reservation.ReservationManagerTest]/[method:testCancelReservationAlreadyStartedFails()]
ReservationManager.java,org.example.reservation.ReservationManager,org.pitest.mutationtest.engine.gregor.mutators.returns.NullReturnValsMutator,getReservationById,168,KILLED,org.example.AI_assistant.reservation.ReservationManagerTest.[engine:junit-jupiter]/[class:org.example.AI_assistant.reservation.ReservationManagerTest]/[method:testCancelReservationAlreadyStartedFails()]
ReservationManager.java,org.example.reservation.ReservationManager,org.pitest.mutationtest.engine.gregor.mutators.NegateConditionalsMutator,isEquipmentAvailable,149,KILLED,org.example.AI_assistant.reservation.ReservationManagerTest.[engine:junit-jupiter]/[class:org.example.AI_assistant.reservation.ReservationManagerTest]/[method:testEquipmentAvailableForDifferentId()]
ReservationManager.java,org.example.reservation.ReservationManager,org.pitest.mutationtest.engine.gregor.mutators.NegateConditionalsMutator,isEquipmentAvailable,150,KILLED,org.example.AI_assistant.reservation.ReservationManagerTest.[engine:junit-jupiter]/[class:org.example.AI_assistant.reservation.ReservationManagerTest]/[method:testEquipmentNotAvailableOverlap()]
ReservationManager.java,org.example.reservation.ReservationManager,org.pitest.mutationtest.engine.gregor.mutators.NegateConditionalsMutator,isEquipmentAvailable,156,KILLED,org.example.AI_assistant.reservation.ReservationManagerTest.[engine:junit-jupiter]/[class:org.example.AI_assistant.reservation.ReservationManagerTest]/[method:testEquipmentNotAvailableOverlap()]
ReservationManager.java,org.example.reservation.ReservationManager,org.pitest.mutationtest.engine.gregor.mutators.NegateConditionalsMutator,isEquipmentAvailable,156,KILLED,org.example.AI_assistant.reservation.ReservationManagerTest.[engine:junit-jupiter]/[class:org.example.AI_assistant.reservation.ReservationManagerTest]/[method:testEquipmentNotAvailableOverlap()]
ReservationManager.java,org.example.reservation.ReservationManager,org.pitest.mutationtest.engine.gregor.mutators.NegateConditionalsMutator,isEquipmentAvailable,157,KILLED,org.example.AI_assistant.reservation.ReservationManagerTest.[engine:junit-jupiter]/[class:org.example.AI_assistant.reservation.ReservationManagerTest]/[method:testEquipmentNotAvailableOverlap()]
ReservationManager.java,org.example.reservation.ReservationManager,org.pitest.mutationtest.engine.gregor.mutators.returns.BooleanFalseReturnValsMutator,isEquipmentAvailable,159,KILLED,org.example.AI_assistant.reservation.ReservationManagerTest.[engine:junit-jupiter]/[class:org.example.AI_assistant.reservation.ReservationManagerTest]/[method:testEquipmentAvailableWhenNoBookings()]
ReservationManager.java,org.example.reservation.ReservationManager,org.pitest.mutationtest.engine.gregor.mutators.returns.BooleanTrueReturnValsMutator,isEquipmentAvailable,157,KILLED,org.example.AI_assistant.reservation.ReservationManagerTest.[engine:junit-jupiter]/[class:org.example.AI_assistant.reservation.ReservationManagerTest]/[method:testEquipmentNotAvailableOverlap()]
ReservationManager.java,org.example.reservation.ReservationManager,org.pitest.mutationtest.engine.gregor.mutators.VoidMethodCallMutator,mapRowToReservation,209,KILLED,org.example.AI_assistant.reservation.ReservationManagerTest.[engine:junit-jupiter]/[class:org.example.AI_assistant.reservation.ReservationManagerTest]/[method:testCancelReservationAlreadyStartedFails()]
ReservationManager.java,org.example.reservation.ReservationManager,org.pitest.mutationtest.engine.gregor.mutators.returns.NullReturnValsMutator,mapRowToReservation,210,KILLED,org.example.AI_assistant.reservation.ReservationManagerTest.[engine:junit-jupiter]/[class:org.example.AI_assistant.reservation.ReservationManagerTest]/[method:testCancelReservationAlreadyStartedFails()]
ReservationManager.java,org.example.reservation.ReservationManager,org.pitest.mutationtest.engine.gregor.mutators.NegateConditionalsMutator,modifyReservation,71,KILLED,org.example.AI_assistant.reservation.ReservationManagerTest.[engine:junit-jupiter]/[class:org.example.AI_assistant.reservation.ReservationManagerTest]/[method:testModifyNonExistentReservation()]
ReservationManager.java,org.example.reservation.ReservationManager,org.pitest.mutationtest.engine.gregor.mutators.NegateConditionalsMutator,modifyReservation,71,KILLED,org.example.AI_assistant.reservation.ReservationManagerTest.[engine:junit-jupiter]/[class:org.example.AI_assistant.reservation.ReservationManagerTest]/[method:testModifyReservationAfterStartFails()]
ReservationManager.java,org.example.reservation.ReservationManager,org.pitest.mutationtest.engine.gregor.mutators.VoidMethodCallMutator,modifyReservation,72,KILLED,org.example.AI_assistant.reservation.ReservationManagerTest.[engine:junit-jupiter]/[class:org.example.AI_assistant.reservation.ReservationManagerTest]/[method:testModifyReservationBeforeStart()]
ReservationManager.java,org.example.reservation.ReservationManager,org.pitest.mutationtest.engine.gregor.mutators.VoidMethodCallMutator,modifyReservation,73,KILLED,org.example.AI_assistant.reservation.ReservationManagerTest.[engine:junit-jupiter]/[class:org.example.AI_assistant.reservation.ReservationManagerTest]/[method:testModifyReservationBeforeStart()]
ReservationManager.java,org.example.reservation.ReservationManager,org.pitest.mutationtest.engine.gregor.mutators.VoidMethodCallMutator,modifyReservation,75,SURVIVED,none
ReservationManager.java,org.example.reservation.ReservationManager,org.pitest.mutationtest.engine.gregor.mutators.VoidMethodCallMutator,processDeposit,114,KILLED,org.example.AI_assistant.reservation.ReservationManagerTest.[engine:junit-jupiter]/[class:org.example.AI_assistant.reservation.ReservationManagerTest]/[method:testProcessDepositStudent()]
ReservationManager.java,org.example.reservation.ReservationManager,org.pitest.mutationtest.engine.gregor.mutators.returns.NullReturnValsMutator,processDeposit,115,KILLED,org.example.AI_assistant.reservation.ReservationManagerTest.[engine:junit-jupiter]/[class:org.example.AI_assistant.reservation.ReservationManagerTest]/[method:testProcessDepositGuest()]
ReservationManager.java,org.example.reservation.ReservationManager,org.pitest.mutationtest.engine.gregor.mutators.MathMutator,processFinalPayment,126,KILLED,org.example.AI_assistant.reservation.ReservationManagerTest.[engine:junit-jupiter]/[class:org.example.AI_assistant.reservation.ReservationManagerTest]/[method:testFinalPaymentGuestOnTime()]
ReservationManager.java,org.example.reservation.ReservationManager,org.pitest.mutationtest.engine.gregor.mutators.NegateConditionalsMutator,processFinalPayment,124,KILLED,org.example.AI_assistant.reservation.ReservationManagerTest.[engine:junit-jupiter]/[class:org.example.AI_assistant.reservation.ReservationManagerTest]/[method:testFinalPaymentLateDepositForfeited()]
ReservationManager.java,org.example.reservation.ReservationManager,org.pitest.mutationtest.engine.gregor.mutators.VoidMethodCallMutator,processFinalPayment,129,SURVIVED,none
ReservationManager.java,org.example.reservation.ReservationManager,org.pitest.mutationtest.engine.gregor.mutators.VoidMethodCallMutator,processFinalPayment,139,SURVIVED,none
ReservationManager.java,org.example.reservation.ReservationManager,org.pitest.mutationtest.engine.gregor.mutators.returns.NullReturnValsMutator,processFinalPayment,140,KILLED,org.example.AI_assistant.reservation.ReservationManagerTest.[engine:junit-jupiter]/[class:org.example.AI_assistant.reservation.ReservationManagerTest]/[method:testFinalPaymentLateDepositForfeited()]
ReservationManager.java,org.example.reservation.ReservationManager,org.pitest.mutationtest.engine.gregor.mutators.NegateConditionalsMutator,update,183,KILLED,org.example.AI_assistant.reservation.ReservationManagerTest.[engine:junit-jupiter]/[class:org.example.AI_assistant.reservation.ReservationManagerTest]/[method:testUpdateMaintenanceCancelsConfirmedReservations()]
ReservationManager.java,org.example.reservation.ReservationManager,org.pitest.mutationtest.engine.gregor.mutators.NegateConditionalsMutator,update,183,KILLED,org.example.AI_assistant.reservation.ReservationManagerTest.[engine:junit-jupiter]/[class:org.example.AI_assistant.reservation.ReservationManagerTest]/[method:testUpdateDisabledCancelsConfirmedReservations()]
ReservationManager.java,org.example.reservation.ReservationManager,org.pitest.mutationtest.engine.gregor.mutators.NegateConditionalsMutator,update,186,KILLED,org.example.AI_assistant.reservation.ReservationManagerTest.[engine:junit-jupiter]/[class:org.example.AI_assistant.reservation.ReservationManagerTest]/[method:testUpdateDoesNotAffectOtherEquipment()]
ReservationManager.java,org.example.reservation.ReservationManager,org.pitest.mutationtest.engine.gregor.mutators.NegateConditionalsMutator,update,187,KILLED,org.example.AI_assistant.reservation.ReservationManagerTest.[engine:junit-jupiter]/[class:org.example.AI_assistant.reservation.ReservationManagerTest]/[method:testUpdateMaintenanceCancelsConfirmedReservations()]
ReservationManager.java,org.example.reservation.ReservationManager,org.pitest.mutationtest.engine.gregor.mutators.VoidMethodCallMutator,update,188,KILLED,org.example.AI_assistant.reservation.ReservationManagerTest.[engine:junit-jupiter]/[class:org.example.AI_assistant.reservation.ReservationManagerTest]/[method:testUpdateMaintenanceCancelsConfirmedReservations()]
ReservationManager.java,org.example.reservation.ReservationManager,org.pitest.mutationtest.engine.gregor.mutators.VoidMethodCallMutator,update,189,SURVIVED,none
ReservationManager.java,org.example.reservation.ReservationManager,org.pitest.mutationtest.engine.gregor.mutators.VoidMethodCallMutator,updateReservation,96,KILLED,org.example.AI_assistant.reservation.ReservationManagerTest.[engine:junit-jupiter]/[class:org.example.AI_assistant.reservation.ReservationManagerTest]/[method:testUpdateReservation()]
AuthService.java,org.example.auth.AuthService,org.pitest.mutationtest.engine.gregor.mutators.returns.NullReturnValsMutator,getCurrentUser,65,NO_COVERAGE,none
AuthService.java,org.example.auth.AuthService,org.pitest.mutationtest.engine.gregor.mutators.NegateConditionalsMutator,isApproved,58,NO_COVERAGE,none
AuthService.java,org.example.auth.AuthService,org.pitest.mutationtest.engine.gregor.mutators.returns.BooleanFalseReturnValsMutator,isApproved,59,NO_COVERAGE,none
AuthService.java,org.example.auth.AuthService,org.pitest.mutationtest.engine.gregor.mutators.returns.BooleanFalseReturnValsMutator,isApproved,61,NO_COVERAGE,none
AuthService.java,org.example.auth.AuthService,org.pitest.mutationtest.engine.gregor.mutators.returns.BooleanTrueReturnValsMutator,isApproved,59,NO_COVERAGE,none
AuthService.java,org.example.auth.AuthService,org.pitest.mutationtest.engine.gregor.mutators.NegateConditionalsMutator,login,18,NO_COVERAGE,none
AuthService.java,org.example.auth.AuthService,org.pitest.mutationtest.engine.gregor.mutators.NegateConditionalsMutator,login,18,NO_COVERAGE,none
AuthService.java,org.example.auth.AuthService,org.pitest.mutationtest.engine.gregor.mutators.returns.NullReturnValsMutator,login,20,NO_COVERAGE,none
AuthService.java,org.example.auth.AuthService,org.pitest.mutationtest.engine.gregor.mutators.NegateConditionalsMutator,register,29,NO_COVERAGE,none
AuthService.java,org.example.auth.AuthService,org.pitest.mutationtest.engine.gregor.mutators.NegateConditionalsMutator,register,34,NO_COVERAGE,none
AuthService.java,org.example.auth.AuthService,org.pitest.mutationtest.engine.gregor.mutators.NegateConditionalsMutator,register,45,NO_COVERAGE,none
AuthService.java,org.example.auth.AuthService,org.pitest.mutationtest.engine.gregor.mutators.NegateConditionalsMutator,register,47,NO_COVERAGE,none
AuthService.java,org.example.auth.AuthService,org.pitest.mutationtest.engine.gregor.mutators.VoidMethodCallMutator,register,52,NO_COVERAGE,none
AuthService.java,org.example.auth.AuthService,org.pitest.mutationtest.engine.gregor.mutators.returns.BooleanFalseReturnValsMutator,register,53,NO_COVERAGE,none
AuthService.java,org.example.auth.AuthService,org.pitest.mutationtest.engine.gregor.mutators.returns.BooleanTrueReturnValsMutator,register,30,NO_COVERAGE,none
AuthService.java,org.example.auth.AuthService,org.pitest.mutationtest.engine.gregor.mutators.returns.BooleanTrueReturnValsMutator,register,35,NO_COVERAGE,none
AuthService.java,org.example.auth.AuthService,org.pitest.mutationtest.engine.gregor.mutators.NegateConditionalsMutator,requiresApproval,81,NO_COVERAGE,none
AuthService.java,org.example.auth.AuthService,org.pitest.mutationtest.engine.gregor.mutators.NegateConditionalsMutator,requiresApproval,82,NO_COVERAGE,none
AuthService.java,org.example.auth.AuthService,org.pitest.mutationtest.engine.gregor.mutators.NegateConditionalsMutator,requiresApproval,83,NO_COVERAGE,none
AuthService.java,org.example.auth.AuthService,org.pitest.mutationtest.engine.gregor.mutators.returns.BooleanTrueReturnValsMutator,requiresApproval,81,NO_COVERAGE,none
AuthService.java,org.example.auth.AuthService,org.pitest.mutationtest.engine.gregor.mutators.returns.BooleanFalseReturnValsMutator,requiresCertification,87,NO_COVERAGE,none
AuthService.java,org.example.auth.AuthService,org.pitest.mutationtest.engine.gregor.mutators.returns.BooleanTrueReturnValsMutator,requiresCertification,87,NO_COVERAGE,none
CSVHandler.java,org.example.data.CSVHandler,org.pitest.mutationtest.engine.gregor.mutators.ConditionalsBoundaryMutator,appendCSV,52,NO_COVERAGE,none
CSVHandler.java,org.example.data.CSVHandler,org.pitest.mutationtest.engine.gregor.mutators.MathMutator,appendCSV,54,NO_COVERAGE,none
CSVHandler.java,org.example.data.CSVHandler,org.pitest.mutationtest.engine.gregor.mutators.NegateConditionalsMutator,appendCSV,52,NO_COVERAGE,none
CSVHandler.java,org.example.data.CSVHandler,org.pitest.mutationtest.engine.gregor.mutators.NegateConditionalsMutator,appendCSV,52,NO_COVERAGE,none
CSVHandler.java,org.example.data.CSVHandler,org.pitest.mutationtest.engine.gregor.mutators.VoidMethodCallMutator,appendCSV,54,NO_COVERAGE,none
CSVHandler.java,org.example.data.CSVHandler,org.pitest.mutationtest.engine.gregor.mutators.VoidMethodCallMutator,appendCSV,67,NO_COVERAGE,none
CSVHandler.java,org.example.data.CSVHandler,org.pitest.mutationtest.engine.gregor.mutators.NegateConditionalsMutator,getInstance,11,NO_COVERAGE,none
CSVHandler.java,org.example.data.CSVHandler,org.pitest.mutationtest.engine.gregor.mutators.returns.NullReturnValsMutator,getInstance,14,NO_COVERAGE,none
CSVHandler.java,org.example.data.CSVHandler,org.pitest.mutationtest.engine.gregor.mutators.NegateConditionalsMutator,initCSV,74,NO_COVERAGE,none
CSVHandler.java,org.example.data.CSVHandler,org.pitest.mutationtest.engine.gregor.mutators.VoidMethodCallMutator,initCSV,78,NO_COVERAGE,none
CSVHandler.java,org.example.data.CSVHandler,org.pitest.mutationtest.engine.gregor.mutators.VoidMethodCallMutator,initCSV,81,NO_COVERAGE,none
CSVHandler.java,org.example.data.CSVHandler,org.pitest.mutationtest.engine.gregor.mutators.NegateConditionalsMutator,readCSV,23,NO_COVERAGE,none
CSVHandler.java,org.example.data.CSVHandler,org.pitest.mutationtest.engine.gregor.mutators.NegateConditionalsMutator,readCSV,24,NO_COVERAGE,none
CSVHandler.java,org.example.data.CSVHandler,org.pitest.mutationtest.engine.gregor.mutators.NegateConditionalsMutator,readCSV,25,NO_COVERAGE,none
CSVHandler.java,org.example.data.CSVHandler,org.pitest.mutationtest.engine.gregor.mutators.VoidMethodCallMutator,readCSV,30,NO_COVERAGE,none
CSVHandler.java,org.example.data.CSVHandler,org.pitest.mutationtest.engine.gregor.mutators.returns.EmptyObjectReturnValsMutator,readCSV,32,NO_COVERAGE,none
CSVHandler.java,org.example.data.CSVHandler,org.pitest.mutationtest.engine.gregor.mutators.VoidMethodCallMutator,writeCSV,38,NO_COVERAGE,none
CSVHandler.java,org.example.data.CSVHandler,org.pitest.mutationtest.engine.gregor.mutators.VoidMethodCallMutator,writeCSV,40,NO_COVERAGE,none
CSVHandler.java,org.example.data.CSVHandler,org.pitest.mutationtest.engine.gregor.mutators.VoidMethodCallMutator,writeCSV,43,NO_COVERAGE,none
EquipmentManager.java,org.example.equipment.EquipmentManager,org.pitest.mutationtest.engine.gregor.mutators.VoidMethodCallMutator,addEquipment,20,NO_COVERAGE,none
EquipmentManager.java,org.example.equipment.EquipmentManager,org.pitest.mutationtest.engine.gregor.mutators.VoidMethodCallMutator,disableEquipment,51,NO_COVERAGE,none
EquipmentManager.java,org.example.equipment.EquipmentManager,org.pitest.mutationtest.engine.gregor.mutators.VoidMethodCallMutator,enableEquipment,47,NO_COVERAGE,none
EquipmentManager.java,org.example.equipment.EquipmentManager,org.pitest.mutationtest.engine.gregor.mutators.returns.EmptyObjectReturnValsMutator,getAllEquipment,28,NO_COVERAGE,none
EquipmentManager.java,org.example.equipment.EquipmentManager,org.pitest.mutationtest.engine.gregor.mutators.returns.EmptyObjectReturnValsMutator,getAvailableEquipment,41,NO_COVERAGE,none
EquipmentManager.java,org.example.equipment.EquipmentManager,org.pitest.mutationtest.engine.gregor.mutators.NegateConditionalsMutator,getEquipmentById,33,NO_COVERAGE,none
EquipmentManager.java,org.example.equipment.EquipmentManager,org.pitest.mutationtest.engine.gregor.mutators.returns.NullReturnValsMutator,getEquipmentById,33,NO_COVERAGE,none
EquipmentManager.java,org.example.equipment.EquipmentManager,org.pitest.mutationtest.engine.gregor.mutators.NegateConditionalsMutator,lambda$getAvailableEquipment$0,40,NO_COVERAGE,none
EquipmentManager.java,org.example.equipment.EquipmentManager,org.pitest.mutationtest.engine.gregor.mutators.returns.BooleanTrueReturnValsMutator,lambda$getAvailableEquipment$0,40,NO_COVERAGE,none
EquipmentManager.java,org.example.equipment.EquipmentManager,org.pitest.mutationtest.engine.gregor.mutators.VoidMethodCallMutator,setMaintenance,55,NO_COVERAGE,none
EquipmentManager.java,org.example.equipment.EquipmentManager,org.pitest.mutationtest.engine.gregor.mutators.VoidMethodCallMutator,update,77,NO_COVERAGE,none
EquipmentManager.java,org.example.equipment.EquipmentManager,org.pitest.mutationtest.engine.gregor.mutators.VoidMethodCallMutator,update,78,NO_COVERAGE,none
EquipmentManager.java,org.example.equipment.EquipmentManager,org.pitest.mutationtest.engine.gregor.mutators.VoidMethodCallMutator,update,80,NO_COVERAGE,none
EquipmentManager.java,org.example.equipment.EquipmentManager,org.pitest.mutationtest.engine.gregor.mutators.VoidMethodCallMutator,updateEquipment,24,NO_COVERAGE,none
EquipmentManager.java,org.example.equipment.EquipmentManager,org.pitest.mutationtest.engine.gregor.mutators.VoidMethodCallMutator,updateEquipmentStatus,67,NO_COVERAGE,none
EquipmentManager.java,org.example.equipment.EquipmentManager,org.pitest.mutationtest.engine.gregor.mutators.NegateConditionalsMutator,updateStatus,60,NO_COVERAGE,none
EquipmentManager.java,org.example.equipment.EquipmentManager,org.pitest.mutationtest.engine.gregor.mutators.VoidMethodCallMutator,updateStatus,61,NO_COVERAGE,none
EquipmentManager.java,org.example.equipment.EquipmentManager,org.pitest.mutationtest.engine.gregor.mutators.VoidMethodCallMutator,updateStatus,62,NO_COVERAGE,none
PaymentDecorator.java,org.example.payment.PaymentDecorator,org.pitest.mutationtest.engine.gregor.mutators.returns.EmptyObjectReturnValsMutator,getAccountReference,40,KILLED,org.example.AI_assistant.payment.PaymentDecoratorTest.[engine:junit-jupiter]/[class:org.example.AI_assistant.payment.PaymentDecoratorTest]/[method:testGetAccountReference()]
PaymentDecorator.java,org.example.payment.PaymentDecorator,org.pitest.mutationtest.engine.gregor.mutators.returns.NullReturnValsMutator,getPayment,38,KILLED,org.example.AI_assistant.payment.PaymentDecoratorTest.[engine:junit-jupiter]/[class:org.example.AI_assistant.payment.PaymentDecoratorTest]/[method:testGetPayment()]
PaymentDecorator.java,org.example.payment.PaymentDecorator,org.pitest.mutationtest.engine.gregor.mutators.returns.EmptyObjectReturnValsMutator,getPaymentMethod,39,KILLED,org.example.AI_assistant.payment.PaymentDecoratorTest.[engine:junit-jupiter]/[class:org.example.AI_assistant.payment.PaymentDecoratorTest]/[method:testGetPaymentMethod()]
PaymentDecorator.java,org.example.payment.PaymentDecorator,org.pitest.mutationtest.engine.gregor.mutators.NegateConditionalsMutator,process,30,KILLED,org.example.AI_assistant.payment.PaymentDecoratorTest.[engine:junit-jupiter]/[class:org.example.AI_assistant.payment.PaymentDecoratorTest]/[method:testInvalidMethodCash()]
PaymentDecorator.java,org.example.payment.PaymentDecorator,org.pitest.mutationtest.engine.gregor.mutators.VoidMethodCallMutator,process,31,SURVIVED,none
PaymentDecorator.java,org.example.payment.PaymentDecorator,org.pitest.mutationtest.engine.gregor.mutators.VoidMethodCallMutator,process,34,SURVIVED,none
PaymentDecorator.java,org.example.payment.PaymentDecorator,org.pitest.mutationtest.engine.gregor.mutators.returns.NullReturnValsMutator,process,35,KILLED,org.example.AI_assistant.payment.PaymentDecoratorTest.[engine:junit-jupiter]/[class:org.example.AI_assistant.payment.PaymentDecoratorTest]/[method:testDecoratorWithGrantFacultyPayment()]
PaymentDecorator.java,org.example.payment.PaymentDecorator,org.pitest.mutationtest.engine.gregor.mutators.NegateConditionalsMutator,validate,19,KILLED,org.example.AI_assistant.payment.PaymentDecoratorTest.[engine:junit-jupiter]/[class:org.example.AI_assistant.payment.PaymentDecoratorTest]/[method:testCreditExactly8CharsSucceeds()]
PaymentDecorator.java,org.example.payment.PaymentDecorator,org.pitest.mutationtest.engine.gregor.mutators.NegateConditionalsMutator,validate,19,KILLED,org.example.AI_assistant.payment.PaymentDecoratorTest.[engine:junit-jupiter]/[class:org.example.AI_assistant.payment.PaymentDecoratorTest]/[method:testCreditExactly8CharsSucceeds()]
PaymentDecorator.java,org.example.payment.PaymentDecorator,org.pitest.mutationtest.engine.gregor.mutators.NegateConditionalsMutator,validate,21,KILLED,org.example.AI_assistant.payment.PaymentDecoratorTest.[engine:junit-jupiter]/[class:org.example.AI_assistant.payment.PaymentDecoratorTest]/[method:testInstitutionalValidationSuccess()]
PaymentDecorator.java,org.example.payment.PaymentDecorator,org.pitest.mutationtest.engine.gregor.mutators.NegateConditionalsMutator,validate,21,KILLED,org.example.AI_assistant.payment.PaymentDecoratorTest.[engine:junit-jupiter]/[class:org.example.AI_assistant.payment.PaymentDecoratorTest]/[method:testInstitutionalValidationSuccess()]
PaymentDecorator.java,org.example.payment.PaymentDecorator,org.pitest.mutationtest.engine.gregor.mutators.NegateConditionalsMutator,validate,23,KILLED,org.example.AI_assistant.payment.PaymentDecoratorTest.[engine:junit-jupiter]/[class:org.example.AI_assistant.payment.PaymentDecoratorTest]/[method:testGrantValidationSuccessLongRef()]
PaymentDecorator.java,org.example.payment.PaymentDecorator,org.pitest.mutationtest.engine.gregor.mutators.NegateConditionalsMutator,validate,23,KILLED,org.example.AI_assistant.payment.PaymentDecoratorTest.[engine:junit-jupiter]/[class:org.example.AI_assistant.payment.PaymentDecoratorTest]/[method:testGrantValidationFailWrongPrefix()]
PaymentDecorator.java,org.example.payment.PaymentDecorator,org.pitest.mutationtest.engine.gregor.mutators.returns.BooleanTrueReturnValsMutator,validate,19,KILLED,org.example.AI_assistant.payment.PaymentDecoratorTest.[engine:junit-jupiter]/[class:org.example.AI_assistant.payment.PaymentDecoratorTest]/[method:testCreditValidationFailTooLong()]
PaymentDecorator.java,org.example.payment.PaymentDecorator,org.pitest.mutationtest.engine.gregor.mutators.returns.BooleanTrueReturnValsMutator,validate,21,KILLED,org.example.AI_assistant.payment.PaymentDecoratorTest.[engine:junit-jupiter]/[class:org.example.AI_assistant.payment.PaymentDecoratorTest]/[method:testInstitutionalValidationFailNull()]
PaymentDecorator.java,org.example.payment.PaymentDecorator,org.pitest.mutationtest.engine.gregor.mutators.returns.BooleanTrueReturnValsMutator,validate,23,KILLED,org.example.AI_assistant.payment.PaymentDecoratorTest.[engine:junit-jupiter]/[class:org.example.AI_assistant.payment.PaymentDecoratorTest]/[method:testGrantValidationFailWrongPrefix()]
PaymentDecorator.java,org.example.payment.PaymentDecorator,org.pitest.mutationtest.engine.gregor.mutators.returns.BooleanTrueReturnValsMutator,validate,25,KILLED,org.example.AI_assistant.payment.PaymentDecoratorTest.[engine:junit-jupiter]/[class:org.example.AI_assistant.payment.PaymentDecoratorTest]/[method:testEmptyMethod()]
Reservation.java,org.example.reservation.Reservation,org.pitest.mutationtest.engine.gregor.mutators.NegateConditionalsMutator,arrivedOnTime,38,KILLED,org.example.AI_assistant.reservation.ReservationTest.[engine:junit-jupiter]/[class:org.example.AI_assistant.reservation.ReservationTest]/[method:testArrivedEarlyBeforeStart()]
Reservation.java,org.example.reservation.Reservation,org.pitest.mutationtest.engine.gregor.mutators.returns.BooleanTrueReturnValsMutator,arrivedOnTime,38,KILLED,org.example.AI_assistant.reservation.ReservationTest.[engine:junit-jupiter]/[class:org.example.AI_assistant.reservation.ReservationTest]/[method:testArrivedLateAt21Minutes()]
Reservation.java,org.example.reservation.Reservation,org.pitest.mutationtest.engine.gregor.mutators.MathMutator,calculateTotal,32,KILLED,org.example.AI_assistant.reservation.ReservationTest.[engine:junit-jupiter]/[class:org.example.AI_assistant.reservation.ReservationTest]/[method:testCalculateTotalLongBooking()]
Reservation.java,org.example.reservation.Reservation,org.pitest.mutationtest.engine.gregor.mutators.returns.PrimitiveReturnsMutator,calculateTotal,32,KILLED,org.example.AI_assistant.reservation.ReservationTest.[engine:junit-jupiter]/[class:org.example.AI_assistant.reservation.ReservationTest]/[method:testCalculateTotalLongBooking()]
Reservation.java,org.example.reservation.Reservation,org.pitest.mutationtest.engine.gregor.mutators.returns.PrimitiveReturnsMutator,getDeposit,47,KILLED,org.example.AI_assistant.reservation.ReservationTest.[engine:junit-jupiter]/[class:org.example.AI_assistant.reservation.ReservationTest]/[method:testReservationInitialization()]
Reservation.java,org.example.reservation.Reservation,org.pitest.mutationtest.engine.gregor.mutators.returns.PrimitiveReturnsMutator,getDurationHours,28,KILLED,org.example.AI_assistant.reservation.ReservationTest.[engine:junit-jupiter]/[class:org.example.AI_assistant.reservation.ReservationTest]/[method:testCalculateTotalLongBooking()]
Reservation.java,org.example.reservation.Reservation,org.pitest.mutationtest.engine.gregor.mutators.returns.NullReturnValsMutator,getEndTime,45,KILLED,org.example.AI_assistant.reservation.ReservationTest.[engine:junit-jupiter]/[class:org.example.AI_assistant.reservation.ReservationTest]/[method:testSetEndTime()]
Reservation.java,org.example.reservation.Reservation,org.pitest.mutationtest.engine.gregor.mutators.returns.NullReturnValsMutator,getEquipment,43,KILLED,org.example.AI_assistant.reservation.ReservationTest.[engine:junit-jupiter]/[class:org.example.AI_assistant.reservation.ReservationTest]/[method:testReservationWithDifferentEquipment()]
Reservation.java,org.example.reservation.Reservation,org.pitest.mutationtest.engine.gregor.mutators.returns.EmptyObjectReturnValsMutator,getReservationId,41,KILLED,org.example.AI_assistant.reservation.ReservationTest.[engine:junit-jupiter]/[class:org.example.AI_assistant.reservation.ReservationTest]/[method:testReservationInitialization()]
Reservation.java,org.example.reservation.Reservation,org.pitest.mutationtest.engine.gregor.mutators.returns.NullReturnValsMutator,getStartTime,44,KILLED,org.example.AI_assistant.reservation.ReservationTest.[engine:junit-jupiter]/[class:org.example.AI_assistant.reservation.ReservationTest]/[method:testSetStartTime()]
Reservation.java,org.example.reservation.Reservation,org.pitest.mutationtest.engine.gregor.mutators.returns.NullReturnValsMutator,getStatus,46,KILLED,org.example.AI_assistant.reservation.ReservationTest.[engine:junit-jupiter]/[class:org.example.AI_assistant.reservation.ReservationTest]/[method:testStatusTransitionConfirmedToExtended()]
Reservation.java,org.example.reservation.Reservation,org.pitest.mutationtest.engine.gregor.mutators.returns.NullReturnValsMutator,getUser,42,KILLED,org.example.AI_assistant.reservation.ReservationTest.[engine:junit-jupiter]/[class:org.example.AI_assistant.reservation.ReservationTest]/[method:testReservationWithDifferentUserTypes()]
Equipment.java,org.example.equipment.Equipment,org.pitest.mutationtest.engine.gregor.mutators.returns.PrimitiveReturnsMutator,getAvailableUnits,41,KILLED,org.example.AI_assistant.gui.AIAddEquipmentControllerTest.[engine:junit-jupiter]/[class:org.example.AI_assistant.gui.AIAddEquipmentControllerTest]/[method:testHandleAddEquipmentValid()]
Equipment.java,org.example.equipment.Equipment,org.pitest.mutationtest.engine.gregor.mutators.returns.EmptyObjectReturnValsMutator,getDescription,34,KILLED,org.example.AI_assistant.gui.AIDashboardControllerTest.[engine:junit-jupiter]/[class:org.example.AI_assistant.gui.AIDashboardControllerTest]/[method:testHandleSortByNameZA()]
Equipment.java,org.example.equipment.Equipment,org.pitest.mutationtest.engine.gregor.mutators.returns.EmptyObjectReturnValsMutator,getEquipmentId,29,KILLED,org.example.AI_assistant.gui.AIDashboardControllerTest.[engine:junit-jupiter]/[class:org.example.AI_assistant.gui.AIDashboardControllerTest]/[method:testHandleCheckoutWithItems()]
Equipment.java,org.example.equipment.Equipment,org.pitest.mutationtest.engine.gregor.mutators.returns.EmptyObjectReturnValsMutator,getImagePath,50,NO_COVERAGE,none
Equipment.java,org.example.equipment.Equipment,org.pitest.mutationtest.engine.gregor.mutators.returns.EmptyObjectReturnValsMutator,getLabLocation,36,KILLED,org.example.AI_assistant.gui.AIDashboardControllerTest.[engine:junit-jupiter]/[class:org.example.AI_assistant.gui.AIDashboardControllerTest]/[method:testHandleSortByLocation()]
Equipment.java,org.example.equipment.Equipment,org.pitest.mutationtest.engine.gregor.mutators.returns.EmptyObjectReturnValsMutator,getName,31,KILLED,org.example.AI_assistant.gui.AIAddEquipmentControllerTest.[engine:junit-jupiter]/[class:org.example.AI_assistant.gui.AIAddEquipmentControllerTest]/[method:testHandleAddEquipmentValid()]
Equipment.java,org.example.equipment.Equipment,org.pitest.mutationtest.engine.gregor.mutators.returns.EmptyObjectReturnValsMutator,getProductStatistics,44,NO_COVERAGE,none
Equipment.java,org.example.equipment.Equipment,org.pitest.mutationtest.engine.gregor.mutators.returns.NullReturnValsMutator,getStatus,38,KILLED,org.example.AI_assistant.equipment.AIEquipmentManagerTest.[engine:junit-jupiter]/[class:org.example.AI_assistant.equipment.AIEquipmentManagerTest]/[method:testGetAvailableEquipment()]
Equipment.java,org.example.equipment.Equipment,org.pitest.mutationtest.engine.gregor.mutators.returns.EmptyObjectReturnValsMutator,getTags,47,NO_COVERAGE,none
Equipment.java,org.example.equipment.Equipment,org.pitest.mutationtest.engine.gregor.mutators.returns.EmptyObjectReturnValsMutator,toString,55,NO_COVERAGE,none
PasswordValidator.java,org.example.auth.PasswordValidator,org.pitest.mutationtest.engine.gregor.mutators.ConditionalsBoundaryMutator,isValid,6,SURVIVED,none
PasswordValidator.java,org.example.auth.PasswordValidator,org.pitest.mutationtest.engine.gregor.mutators.NegateConditionalsMutator,isValid,6,KILLED,org.example.AI_assistant.auth.PasswordValidatorTest.[engine:junit-jupiter]/[class:org.example.AI_assistant.auth.PasswordValidatorTest]/[method:testShortPassword()]
PasswordValidator.java,org.example.auth.PasswordValidator,org.pitest.mutationtest.engine.gregor.mutators.NegateConditionalsMutator,isValid,11,KILLED,org.example.AI_assistant.auth.PasswordValidatorTest.[engine:junit-jupiter]/[class:org.example.AI_assistant.auth.PasswordValidatorTest]/[method:testNoUppercase()]
PasswordValidator.java,org.example.auth.PasswordValidator,org.pitest.mutationtest.engine.gregor.mutators.NegateConditionalsMutator,isValid,11,KILLED,org.example.AI_assistant.auth.PasswordValidatorTest.[engine:junit-jupiter]/[class:org.example.AI_assistant.auth.PasswordValidatorTest]/[method:testNoLowercase()]
PasswordValidator.java,org.example.auth.PasswordValidator,org.pitest.mutationtest.engine.gregor.mutators.NegateConditionalsMutator,isValid,11,KILLED,org.example.AI_assistant.auth.PasswordValidatorTest.[engine:junit-jupiter]/[class:org.example.AI_assistant.auth.PasswordValidatorTest]/[method:testValidPassword()]
PasswordValidator.java,org.example.auth.PasswordValidator,org.pitest.mutationtest.engine.gregor.mutators.NegateConditionalsMutator,isValid,11,KILLED,org.example.AI_assistant.auth.PasswordValidatorTest.[engine:junit-jupiter]/[class:org.example.AI_assistant.auth.PasswordValidatorTest]/[method:testNoSymbol()]
PasswordValidator.java,org.example.auth.PasswordValidator,org.pitest.mutationtest.engine.gregor.mutators.returns.BooleanTrueReturnValsMutator,isValid,6,KILLED,org.example.AI_assistant.auth.PasswordValidatorTest.[engine:junit-jupiter]/[class:org.example.AI_assistant.auth.PasswordValidatorTest]/[method:testShortPassword()]
PasswordValidator.java,org.example.auth.PasswordValidator,org.pitest.mutationtest.engine.gregor.mutators.returns.BooleanTrueReturnValsMutator,isValid,11,KILLED,org.example.AI_assistant.auth.PasswordValidatorTest.[engine:junit-jupiter]/[class:org.example.AI_assistant.auth.PasswordValidatorTest]/[method:testNoUppercase()]
PasswordValidator.java,org.example.auth.PasswordValidator,org.pitest.mutationtest.engine.gregor.mutators.NegateConditionalsMutator,lambda$isValid$0,10,KILLED,org.example.AI_assistant.auth.PasswordValidatorTest.[engine:junit-jupiter]/[class:org.example.AI_assistant.auth.PasswordValidatorTest]/[method:testNoSymbol()]
PasswordValidator.java,org.example.auth.PasswordValidator,org.pitest.mutationtest.engine.gregor.mutators.returns.BooleanTrueReturnValsMutator,lambda$isValid$0,10,KILLED,org.example.AI_assistant.auth.PasswordValidatorTest.[engine:junit-jupiter]/[class:org.example.AI_assistant.auth.PasswordValidatorTest]/[method:testNoSymbol()]
ReservationAction.java,org.example.reservation.ReservationAction,org.pitest.mutationtest.engine.gregor.mutators.VoidMethodCallMutator,execute,30,KILLED,org.example.AI_assistant.reservation.ReservationActionTest.[engine:junit-jupiter]/[class:org.example.AI_assistant.reservation.ReservationActionTest]/[method:testExecuteCreate()]
ReservationAction.java,org.example.reservation.ReservationAction,org.pitest.mutationtest.engine.gregor.mutators.VoidMethodCallMutator,execute,33,KILLED,org.example.AI_assistant.reservation.ReservationActionTest.[engine:junit-jupiter]/[class:org.example.AI_assistant.reservation.ReservationActionTest]/[method:testExecuteCancelCaseInsensitive()]
ReservationAction.java,org.example.reservation.ReservationAction,org.pitest.mutationtest.engine.gregor.mutators.VoidMethodCallMutator,execute,36,KILLED,org.example.AI_assistant.reservation.ReservationActionTest.[engine:junit-jupiter]/[class:org.example.AI_assistant.reservation.ReservationActionTest]/[method:testExecuteModify()]
ReservationAction.java,org.example.reservation.ReservationAction,org.pitest.mutationtest.engine.gregor.mutators.VoidMethodCallMutator,execute,39,KILLED,org.example.AI_assistant.reservation.ReservationActionTest.[engine:junit-jupiter]/[class:org.example.AI_assistant.reservation.ReservationActionTest]/[method:testCreateThenExtend()]
ReservationAction.java,org.example.reservation.ReservationAction,org.pitest.mutationtest.engine.gregor.mutators.VoidMethodCallMutator,execute,42,SURVIVED,none
ReservationAction.java,org.example.reservation.ReservationAction,org.pitest.mutationtest.engine.gregor.mutators.VoidMethodCallMutator,undo,51,KILLED,org.example.AI_assistant.reservation.ReservationActionTest.[engine:junit-jupiter]/[class:org.example.AI_assistant.reservation.ReservationActionTest]/[method:testCreateUndoRestoresCancelled()]
ReservationAction.java,org.example.reservation.ReservationAction,org.pitest.mutationtest.engine.gregor.mutators.VoidMethodCallMutator,undo,54,KILLED,org.example.AI_assistant.reservation.ReservationActionTest.[engine:junit-jupiter]/[class:org.example.AI_assistant.reservation.ReservationActionTest]/[method:testUndoCancel()]
ReservationAction.java,org.example.reservation.ReservationAction,org.pitest.mutationtest.engine.gregor.mutators.VoidMethodCallMutator,undo,55,SURVIVED,none
ReservationAction.java,org.example.reservation.ReservationAction,org.pitest.mutationtest.engine.gregor.mutators.VoidMethodCallMutator,undo,59,SURVIVED,none
ReservationAction.java,org.example.reservation.ReservationAction,org.pitest.mutationtest.engine.gregor.mutators.VoidMethodCallMutator,undo,60,SURVIVED,none
Payment.java,org.example.payment.Payment,org.pitest.mutationtest.engine.gregor.mutators.returns.PrimitiveReturnsMutator,getAmount,28,KILLED,org.example.AI_assistant.payment.PaymentTest.[engine:junit-jupiter]/[class:org.example.AI_assistant.payment.PaymentTest]/[method:testFacultyDepositAmount()]
Payment.java,org.example.payment.Payment,org.pitest.mutationtest.engine.gregor.mutators.returns.EmptyObjectReturnValsMutator,getPaymentId,26,KILLED,org.example.AI_assistant.payment.PaymentTest.[engine:junit-jupiter]/[class:org.example.AI_assistant.payment.PaymentTest]/[method:testFinalPaymentCreation()]
Payment.java,org.example.payment.Payment,org.pitest.mutationtest.engine.gregor.mutators.returns.EmptyObjectReturnValsMutator,getPaymentMethod,29,KILLED,org.example.AI_assistant.payment.PaymentTest.[engine:junit-jupiter]/[class:org.example.AI_assistant.payment.PaymentTest]/[method:testInstitutionalPayment()]
Payment.java,org.example.payment.Payment,org.pitest.mutationtest.engine.gregor.mutators.returns.EmptyObjectReturnValsMutator,getReservationId,27,KILLED,org.example.AI_assistant.payment.PaymentTest.[engine:junit-jupiter]/[class:org.example.AI_assistant.payment.PaymentTest]/[method:testFinalPaymentCreation()]
Payment.java,org.example.payment.Payment,org.pitest.mutationtest.engine.gregor.mutators.returns.NullReturnValsMutator,getTimestamp,33,KILLED,org.example.AI_assistant.payment.PaymentTest.[engine:junit-jupiter]/[class:org.example.AI_assistant.payment.PaymentTest]/[method:testSetTimestamp()]
Payment.java,org.example.payment.Payment,org.pitest.mutationtest.engine.gregor.mutators.returns.BooleanFalseReturnValsMutator,isDeposit,30,KILLED,org.example.AI_assistant.payment.PaymentTest.[engine:junit-jupiter]/[class:org.example.AI_assistant.payment.PaymentTest]/[method:testStudentDepositAmount()]
Payment.java,org.example.payment.Payment,org.pitest.mutationtest.engine.gregor.mutators.returns.BooleanTrueReturnValsMutator,isDeposit,30,KILLED,org.example.AI_assistant.payment.PaymentTest.[engine:junit-jupiter]/[class:org.example.AI_assistant.payment.PaymentTest]/[method:testFinalPaymentCreation()]
Payment.java,org.example.payment.Payment,org.pitest.mutationtest.engine.gregor.mutators.returns.BooleanFalseReturnValsMutator,isForfeited,31,KILLED,org.example.AI_assistant.payment.PaymentTest.[engine:junit-jupiter]/[class:org.example.AI_assistant.payment.PaymentTest]/[method:testUnforfeitDeposit()]
Payment.java,org.example.payment.Payment,org.pitest.mutationtest.engine.gregor.mutators.returns.BooleanTrueReturnValsMutator,isForfeited,31,KILLED,org.example.AI_assistant.payment.PaymentTest.[engine:junit-jupiter]/[class:org.example.AI_assistant.payment.PaymentTest]/[method:testForfeitedDefaultFalse()]
EquipmentAction.java,org.example.equipment.EquipmentAction,org.pitest.mutationtest.engine.gregor.mutators.VoidMethodCallMutator,execute,21,KILLED,org.example.AI_assistant.equipment.AIEquipmentActionTest.[engine:junit-jupiter]/[class:org.example.AI_assistant.equipment.AIEquipmentActionTest]/[method:testExecuteAdd()]
EquipmentAction.java,org.example.equipment.EquipmentAction,org.pitest.mutationtest.engine.gregor.mutators.VoidMethodCallMutator,execute,24,KILLED,org.example.AI_assistant.equipment.AIEquipmentActionTest.[engine:junit-jupiter]/[class:org.example.AI_assistant.equipment.AIEquipmentActionTest]/[method:testExecuteEnable()]
EquipmentAction.java,org.example.equipment.EquipmentAction,org.pitest.mutationtest.engine.gregor.mutators.VoidMethodCallMutator,execute,27,KILLED,org.example.AI_assistant.equipment.AIEquipmentActionTest.[engine:junit-jupiter]/[class:org.example.AI_assistant.equipment.AIEquipmentActionTest]/[method:testExecuteDisable()]
EquipmentAction.java,org.example.equipment.EquipmentAction,org.pitest.mutationtest.engine.gregor.mutators.VoidMethodCallMutator,execute,30,KILLED,org.example.AI_assistant.equipment.AIEquipmentActionTest.[engine:junit-jupiter]/[class:org.example.AI_assistant.equipment.AIEquipmentActionTest]/[method:testExecuteMaintenance()]
EquipmentAction.java,org.example.equipment.EquipmentAction,org.pitest.mutationtest.engine.gregor.mutators.VoidMethodCallMutator,execute,33,NO_COVERAGE,none
EquipmentAction.java,org.example.equipment.EquipmentAction,org.pitest.mutationtest.engine.gregor.mutators.NegateConditionalsMutator,undo,39,KILLED,org.example.AI_assistant.equipment.AIEquipmentActionTest.[engine:junit-jupiter]/[class:org.example.AI_assistant.equipment.AIEquipmentActionTest]/[method:testUndo()]
EquipmentAction.java,org.example.equipment.EquipmentAction,org.pitest.mutationtest.engine.gregor.mutators.VoidMethodCallMutator,undo,40,KILLED,org.example.AI_assistant.equipment.AIEquipmentActionTest.[engine:junit-jupiter]/[class:org.example.AI_assistant.equipment.AIEquipmentActionTest]/[method:testUndo()]
EquipmentAction.java,org.example.equipment.EquipmentAction,org.pitest.mutationtest.engine.gregor.mutators.VoidMethodCallMutator,undo,41,KILLED,org.example.AI_assistant.equipment.AIEquipmentActionTest.[engine:junit-jupiter]/[class:org.example.AI_assistant.equipment.AIEquipmentActionTest]/[method:testUndo()]
User.java,org.example.users.User,org.pitest.mutationtest.engine.gregor.mutators.returns.EmptyObjectReturnValsMutator,getDepartmentId,42,SURVIVED,none
User.java,org.example.users.User,org.pitest.mutationtest.engine.gregor.mutators.returns.EmptyObjectReturnValsMutator,getEmail,34,KILLED,org.example.AI_assistant.gui.AIAccountControllerTest.[engine:junit-jupiter]/[class:org.example.AI_assistant.gui.AIAccountControllerTest]/[method:testHandleUpdateCredentialsSuccess()]
User.java,org.example.users.User,org.pitest.mutationtest.engine.gregor.mutators.returns.EmptyObjectReturnValsMutator,getIdNumber,46,KILLED,org.example.AI_assistant.gui.AIAccountControllerTest.[engine:junit-jupiter]/[class:org.example.AI_assistant.gui.AIAccountControllerTest]/[method:testHandleUpdateCredentialsSuccess()]
User.java,org.example.users.User,org.pitest.mutationtest.engine.gregor.mutators.returns.EmptyObjectReturnValsMutator,getName,30,KILLED,org.example.AI_assistant.gui.AIDashboardControllerTest.[engine:junit-jupiter]/[class:org.example.AI_assistant.gui.AIDashboardControllerTest]/[method:testInitializeSetsUserNameAndOptions()]
User.java,org.example.users.User,org.pitest.mutationtest.engine.gregor.mutators.returns.EmptyObjectReturnValsMutator,getPassword,38,KILLED,org.example.AI_assistant.auth.AuthServiceTest.[engine:junit-jupiter]/[class:org.example.AI_assistant.auth.AuthServiceTest]/[method:testRegisterAndLoginSuccess()]
User.java,org.example.users.User,org.pitest.mutationtest.engine.gregor.mutators.returns.EmptyObjectReturnValsMutator,getUserId,26,KILLED,org.example.AI_assistant.gui.AIAccountControllerTest.[engine:junit-jupiter]/[class:org.example.AI_assistant.gui.AIAccountControllerTest]/[method:testLoadBalanceDueExcludesOtherUsersAndCancelled()]
UserFactory.java,org.example.users.UserFactory,org.pitest.mutationtest.engine.gregor.mutators.returns.NullReturnValsMutator,createUser,9,KILLED,org.example.AI_assistant.data.CSVRepositoryTest.[engine:junit-jupiter]/[class:org.example.AI_assistant.data.CSVRepositoryTest]/[method:testSaveAndFindUser()]
UserFactory.java,org.example.users.UserFactory,org.pitest.mutationtest.engine.gregor.mutators.returns.NullReturnValsMutator,createUser,11,NO_COVERAGE,none
UserFactory.java,org.example.users.UserFactory,org.pitest.mutationtest.engine.gregor.mutators.returns.NullReturnValsMutator,createUser,13,NO_COVERAGE,none
UserFactory.java,org.example.users.UserFactory,org.pitest.mutationtest.engine.gregor.mutators.returns.NullReturnValsMutator,createUser,15,NO_COVERAGE,none
UserFactory.java,org.example.users.UserFactory,org.pitest.mutationtest.engine.gregor.mutators.returns.NullReturnValsMutator,createUser,17,NO_COVERAGE,none
UserFactory.java,org.example.users.UserFactory,org.pitest.mutationtest.engine.gregor.mutators.returns.NullReturnValsMutator,createUser,19,NO_COVERAGE,none
UserDecorator.java,org.example.users.UserDecorator,org.pitest.mutationtest.engine.gregor.mutators.returns.EmptyObjectReturnValsMutator,getApprovalStatus,20,SURVIVED,none
UserDecorator.java,org.example.users.UserDecorator,org.pitest.mutationtest.engine.gregor.mutators.returns.EmptyObjectReturnValsMutator,getCertificationNumber,36,NO_COVERAGE,none
UserDecorator.java,org.example.users.UserDecorator,org.pitest.mutationtest.engine.gregor.mutators.returns.EmptyObjectReturnValsMutator,getDecorationType,32,KILLED,org.example.AI_assistant.auth.AuthServiceTest.[engine:junit-jupiter]/[class:org.example.AI_assistant.auth.AuthServiceTest]/[method:testIsApprovedForDecorator()]
UserDecorator.java,org.example.users.UserDecorator,org.pitest.mutationtest.engine.gregor.mutators.returns.EmptyObjectReturnValsMutator,getUserType,41,KILLED,org.example.AI_assistant.auth.AuthServiceTest.[engine:junit-jupiter]/[class:org.example.AI_assistant.auth.AuthServiceTest]/[method:testRegisterAndLoginSuccess()]
UserDecorator.java,org.example.users.UserDecorator,org.pitest.mutationtest.engine.gregor.mutators.returns.BooleanFalseReturnValsMutator,isApproved,28,SURVIVED,none
UserDecorator.java,org.example.users.UserDecorator,org.pitest.mutationtest.engine.gregor.mutators.returns.BooleanTrueReturnValsMutator,isApproved,28,KILLED,org.example.AI_assistant.auth.AuthServiceTest.[engine:junit-jupiter]/[class:org.example.AI_assistant.auth.AuthServiceTest]/[method:testIsApprovedForDecorator()]
EquipmentSensor.java,org.example.sensors.EquipmentSensor,org.pitest.mutationtest.engine.gregor.mutators.returns.EmptyObjectReturnValsMutator,getCurrentStatus,41,KILLED,org.example.AI_assistant.sensors.AIEquipmentSensorTest.[engine:junit-jupiter]/[class:org.example.AI_assistant.sensors.AIEquipmentSensorTest]/[method:testInitialState()]
EquipmentSensor.java,org.example.sensors.EquipmentSensor,org.pitest.mutationtest.engine.gregor.mutators.returns.EmptyObjectReturnValsMutator,getEquipmentId,40,KILLED,org.example.AI_assistant.sensors.AIEquipmentSensorTest.[engine:junit-jupiter]/[class:org.example.AI_assistant.sensors.AIEquipmentSensorTest]/[method:testInitialState()]
EquipmentSensor.java,org.example.sensors.EquipmentSensor,org.pitest.mutationtest.engine.gregor.mutators.VoidMethodCallMutator,notifyObservers,36,KILLED,org.example.AI_assistant.sensors.AIEquipmentSensorTest.[engine:junit-jupiter]/[class:org.example.AI_assistant.sensors.AIEquipmentSensorTest]/[method:testMultipleObservers()]
EquipmentSensor.java,org.example.sensors.EquipmentSensor,org.pitest.mutationtest.engine.gregor.mutators.VoidMethodCallMutator,triggerUpdate,20,KILLED,org.example.AI_assistant.sensors.AIEquipmentSensorTest.[engine:junit-jupiter]/[class:org.example.AI_assistant.sensors.AIEquipmentSensorTest]/[method:testMultipleObservers()]
HeadCoordinator.java,org.example.users.HeadCoordinator,org.pitest.mutationtest.engine.gregor.mutators.returns.NullReturnValsMutator,generateManagerAccount,19,NO_COVERAGE,none
HeadCoordinator.java,org.example.users.HeadCoordinator,org.pitest.mutationtest.engine.gregor.mutators.NegateConditionalsMutator,getInstance,12,NO_COVERAGE,none
HeadCoordinator.java,org.example.users.HeadCoordinator,org.pitest.mutationtest.engine.gregor.mutators.returns.NullReturnValsMutator,getInstance,15,NO_COVERAGE,none
HeadCoordinator.java,org.example.users.HeadCoordinator,org.pitest.mutationtest.engine.gregor.mutators.returns.EmptyObjectReturnValsMutator,getUserType,23,NO_COVERAGE,none
UserPricingStrategy.java,org.example.payment.UserPricingStrategy,org.pitest.mutationtest.engine.gregor.mutators.returns.PrimitiveReturnsMutator,calculateDeposit,23,KILLED,org.example.AI_assistant.payment.UserPricingStrategyTest.[engine:junit-jupiter]/[class:org.example.AI_assistant.payment.UserPricingStrategyTest]/[method:testGuestDeposit()]
UserPricingStrategy.java,org.example.payment.UserPricingStrategy,org.pitest.mutationtest.engine.gregor.mutators.MathMutator,calculateTotal,28,KILLED,org.example.AI_assistant.payment.UserPricingStrategyTest.[engine:junit-jupiter]/[class:org.example.AI_assistant.payment.UserPricingStrategyTest]/[method:testResearcherTotal4Hours()]
UserPricingStrategy.java,org.example.payment.UserPricingStrategy,org.pitest.mutationtest.engine.gregor.mutators.returns.PrimitiveReturnsMutator,calculateTotal,28,KILLED,org.example.AI_assistant.payment.UserPricingStrategyTest.[engine:junit-jupiter]/[class:org.example.AI_assistant.payment.UserPricingStrategyTest]/[method:testFacultyTotal1Hour()]
UserPricingStrategy.java,org.example.payment.UserPricingStrategy,org.pitest.mutationtest.engine.gregor.mutators.returns.PrimitiveReturnsMutator,getHourlyRate,18,KILLED,org.example.AI_assistant.payment.UserPricingStrategyTest.[engine:junit-jupiter]/[class:org.example.AI_assistant.payment.UserPricingStrategyTest]/[method:testStudentCheaperThanFaculty()]
LabManager.java,org.example.users.LabManager,org.pitest.mutationtest.engine.gregor.mutators.returns.EmptyObjectReturnValsMutator,getManagerId,18,NO_COVERAGE,none
LabManager.java,org.example.users.LabManager,org.pitest.mutationtest.engine.gregor.mutators.returns.EmptyObjectReturnValsMutator,getUserType,14,NO_COVERAGE,none
Researcher.java,org.example.users.Researcher,org.pitest.mutationtest.engine.gregor.mutators.returns.EmptyObjectReturnValsMutator,getUserType,11,KILLED,org.example.AI_assistant.reservation.ReservationTest.[engine:junit-jupiter]/[class:org.example.AI_assistant.reservation.ReservationTest]/[method:testReservationWithDifferentUserTypes()]
Guest.java,org.example.users.Guest,org.pitest.mutationtest.engine.gregor.mutators.returns.EmptyObjectReturnValsMutator,getUserType,11,KILLED,org.example.AI_assistant.reservation.ReservationTest.[engine:junit-jupiter]/[class:org.example.AI_assistant.reservation.ReservationTest]/[method:testReservationWithDifferentUserTypes()]
Faculty.java,org.example.users.Faculty,org.pitest.mutationtest.engine.gregor.mutators.returns.EmptyObjectReturnValsMutator,getUserType,11,KILLED,org.example.AI_assistant.reservation.ReservationTest.[engine:junit-jupiter]/[class:org.example.AI_assistant.reservation.ReservationTest]/[method:testReservationWithDifferentUserTypes()]
Student.java,org.example.users.Student,org.pitest.mutationtest.engine.gregor.mutators.returns.EmptyObjectReturnValsMutator,getUserType,11,KILLED,org.example.AI_assistant.reservation.ReservationTest.[engine:junit-jupiter]/[class:org.example.AI_assistant.reservation.ReservationTest]/[method:testReservationWithDifferentUserTypes()]
